Sentence,Polarity
Things are simply okay right now.,neutral
The people around me bring me happiness.,positive
Nothing special happened today.,neutral
Today feels like a constant battle.,negative
Things are simply okay right now.,neutral
I am proud of what I accomplished today.,positive
"It was an average day, nothing more.",neutral
There’s nothing noteworthy about today.,neutral
I'm feeling neutral about most things right now.,neutral
I feel overwhelmed and anxious about everything.,negative
I'm grateful for the positive changes in my life.,positive
"It was an average day, nothing more.",neutral
It’s just a typical day for me.,neutral
"Today, I feel calm and at peace.",positive
I'm frustrated with my situation.,negative
"Today, I feel calm and at peace.",positive
I'm filled with positive thoughts.,positive
Nothing special happened today.,neutral
Nothing out of the ordinary occurred.,neutral
Everything seems as it usually is.,neutral
The people around me bring me happiness.,positive
"My energy levels are high, and I feel motivated.",positive
There’s nothing noteworthy about today.,neutral
My day was neither good nor bad.,neutral
Just getting through the day as always.,neutral
"Today, I feel truly happy and content.",positive
I'm feeling very optimistic today.,positive
"It was an average day, nothing more.",neutral
I'm enthusiastic about the future.,positive
I feel a strong sense of purpose today.,positive
I feel a strong sense of purpose today.,positive
I’m not feeling much of anything today.,neutral
"My energy levels are high, and I feel motivated.",positive
I don't feel strongly one way or the other.,neutral
Things are simply okay right now.,neutral
I don't feel strongly one way or the other.,neutral
Today went by without much thought.,neutral
I've been productive and feel satisfied.,positive
I appreciate the little things in life.,positive
There’s a cloud of sadness over me.,negative
Nothing seems to be going my way.,negative
I am surrounded by supportive people.,positive
I'm feeling down and unmotivated today.,negative
Today feels overwhelmingly negative.,negative
The day has been plain and simple.,neutral
I am in a good place mentally and emotionally.,positive
"Today, I feel truly happy and content.",positive
I can't see the light at the end of the tunnel.,negative
The day has been plain and simple.,neutral
It's difficult to focus on anything.,negative
Everything seems as it usually is.,neutral
I don't know how to handle these feelings.,negative
I am proud of what I accomplished today.,positive
Everything seems to be falling into place.,positive
I feel neither happy nor sad.,neutral
I'm struggling with my mental health.,negative
I don't feel strongly one way or the other.,neutral
Today feels like a constant battle.,negative
I'm enthusiastic about the future.,positive
I’m feeling mentally drained.,negative
Everything seems to be falling into place.,positive
I appreciate the little things in life.,positive
I appreciate the little things in life.,positive
Everything seems as it usually is.,neutral
I'm enthusiastic about the future.,positive
I'm grateful for the positive changes in my life.,positive
Today was quite ordinary and uneventful.,neutral
I am surrounded by supportive people.,positive
I don't know how to handle these feelings.,negative
I've been productive and feel satisfied.,positive
The future looks bright and full of potential.,positive
I feel emotionally exhausted and drained.,negative
My motivation has completely disappeared.,negative
There’s a cloud of sadness over me.,negative
I am surrounded by supportive people.,positive
I'm enthusiastic about the future.,positive
I am proud of the progress I've made.,positive
Today went by without much thought.,neutral
I feel emotionally exhausted and drained.,negative
Today is one of those tough days.,negative
I've been productive and feel satisfied.,positive
I'm feeling isolated and lonely.,negative
The future seems bleak and uncertain.,negative
"It was an average day, nothing more.",neutral
I'm feeling very optimistic today.,positive
I feel a strong sense of purpose today.,positive
I'm not particularly focused on anything.,neutral
Today is one of those tough days.,negative
I’m not feeling much of anything today.,neutral
It's difficult to focus on anything.,negative
I feel emotionally exhausted and drained.,negative
I'm feeling isolated and lonely.,negative
Today feels overwhelmingly negative.,negative
I am proud of what I accomplished today.,positive
I appreciate the little things in life.,positive
I feel a strong sense of purpose today.,positive
Everything seems to be falling into place.,positive
The future looks bright and full of potential.,positive
Today was quite ordinary and uneventful.,neutral
There’s a cloud of sadness over me.,negative
"Today, I feel calm and at peace.",positive
"It's a beautiful day, and I'm enjoying every moment.",positive
Every task feels like a burden today.,negative
The future looks bright and full of potential.,positive
There’s a cloud of sadness over me.,negative
Nothing out of the ordinary occurred.,neutral
I'm feeling isolated and lonely.,negative
Nothing out of the ordinary occurred.,neutral
"Today, I feel truly happy and content.",positive
This day brings me so much joy.,positive
Just getting through the day as always.,neutral
It's difficult to focus on anything.,negative
I'm feeling isolated and lonely.,negative
I'm not particularly focused on anything.,neutral
"Today, I feel calm and at peace.",positive
"My energy levels are high, and I feel motivated.",positive
I’m feeling mentally drained.,negative
Today was quite ordinary and uneventful.,neutral
The future looks bright and full of potential.,positive
There’s nothing noteworthy about today.,neutral
I’m not feeling much of anything today.,neutral
Everything seems to be falling into place.,positive
The future seems bleak and uncertain.,negative
Everything seems to be falling into place.,positive
Today is one of those tough days.,negative
Today is one of those tough days.,negative
Nothing out of the ordinary occurred.,neutral
Everything seems as it usually is.,neutral
My motivation has completely disappeared.,negative
"It's a beautiful day, and I'm enjoying every moment.",positive
This day brings me so much joy.,positive
Nothing seems to be going my way.,negative
The future seems bleak and uncertain.,negative
I'm not particularly focused on anything.,neutral
I don't know how to handle these feelings.,negative
Today feels overwhelmingly negative.,negative
There’s a cloud of sadness over me.,negative
"It was an average day, nothing more.",neutral
It's difficult to focus on anything.,negative
Just getting through the day as always.,neutral
I'm grateful for the positive changes in my life.,positive
I am in a good place mentally and emotionally.,positive
"It's a beautiful day, and I'm enjoying every moment.",positive
I’m not feeling much of anything today.,neutral
I’m feeling mentally drained.,negative
It's difficult to focus on anything.,negative
The future looks bright and full of potential.,positive
I'm not particularly focused on anything.,neutral
Today is one of those tough days.,negative
I'm struggling with my mental health.,negative
I’m feeling mentally drained.,negative
I'm feeling neutral about most things right now.,neutral
I am in a good place mentally and emotionally.,positive
I am surrounded by supportive people.,positive
I've been productive and feel satisfied.,positive
I'm feeling isolated and lonely.,negative
Nothing brings me joy right now.,negative
I'm grateful for the positive changes in my life.,positive
My motivation has completely disappeared.,negative
Life seems full of exciting possibilities.,positive
I don't know how to handle these feelings.,negative
The day has been plain and simple.,neutral
I'm feeling down and unmotivated today.,negative
The day has been plain and simple.,neutral
Everything seems to be falling into place.,positive
"It was an average day, nothing more.",neutral
I'm frustrated with my situation.,negative
The future seems bleak and uncertain.,negative
I am proud of what I accomplished today.,positive
I can't see the light at the end of the tunnel.,negative
I'm grateful for the positive changes in my life.,positive
I feel neither happy nor sad.,neutral
"Today, I feel truly happy and content.",positive
I'm feeling isolated and lonely.,negative
Today is one of those tough days.,negative
Nothing brings me joy right now.,negative
This day brings me so much joy.,positive
There wasn't anything significant today.,neutral
I feel overwhelmed and anxious about everything.,negative
I'm struggling with my mental health.,negative
My day was neither good nor bad.,neutral
I am proud of the progress I've made.,positive
"My energy levels are high, and I feel motivated.",positive
I’m not feeling much of anything today.,neutral
It was just another regular day.,neutral
There wasn't anything significant today.,neutral
This day brings me so much joy.,positive
I appreciate the little things in life.,positive
I feel neither happy nor sad.,neutral
My motivation has completely disappeared.,negative
I am proud of the progress I've made.,positive
I'm not particularly focused on anything.,neutral
I'm feeling neutral about most things right now.,neutral
I'm feeling very optimistic today.,positive
Every task feels like a burden today.,negative
It’s just a typical day for me.,neutral
The day has been plain and simple.,neutral
Things are simply okay right now.,neutral
I feel emotionally exhausted and drained.,negative
Things are simply okay right now.,neutral
I'm frustrated with my situation.,negative
Today feels like a constant battle.,negative
"It's a beautiful day, and I'm enjoying every moment.",positive
Life seems full of exciting possibilities.,positive
I'm feeling down and unmotivated today.,negative
I feel neither happy nor sad.,neutral
Today feels overwhelmingly negative.,negative
Today feels overwhelmingly negative.,negative
Nothing brings me joy right now.,negative
There’s nothing noteworthy about today.,neutral
Today went by without much thought.,neutral
Nothing out of the ordinary occurred.,neutral
I feel overwhelmed and anxious about everything.,negative
Everything seems as it usually is.,neutral
It was just another regular day.,neutral
Today was quite ordinary and uneventful.,neutral
The future seems bleak and uncertain.,negative
I'm filled with positive thoughts.,positive
I feel neither happy nor sad.,neutral
I'm feeling very optimistic today.,positive
"It was an average day, nothing more.",neutral
Nothing special happened today.,neutral
The day went by as usual.,neutral
I'm feeling neutral about most things right now.,neutral
Nothing seems to be going my way.,negative
I don't feel strongly one way or the other.,neutral
"It's a beautiful day, and I'm enjoying every moment.",positive
I’m not feeling much of anything today.,neutral
My day was neither good nor bad.,neutral
I feel neither happy nor sad.,neutral
I am surrounded by supportive people.,positive
I can't see the light at the end of the tunnel.,negative
Everything seems as it usually is.,neutral
I’m not feeling much of anything today.,neutral
The people around me bring me happiness.,positive
Nothing seems to be going my way.,negative
Things are simply okay right now.,neutral
I'm feeling down and unmotivated today.,negative
I'm struggling with my mental health.,negative
I'm frustrated with my situation.,negative
I'm frustrated with my situation.,negative
Nothing seems to be going my way.,negative
I'm filled with positive thoughts.,positive
I'm finding it hard to stay positive.,negative
Nothing brings me joy right now.,negative
I feel overwhelmed and anxious about everything.,negative
The day went by as usual.,neutral
It was just another regular day.,neutral
The day went by as usual.,neutral
I am in a good place mentally and emotionally.,positive
I feel emotionally exhausted and drained.,negative
I'm filled with positive thoughts.,positive
Nothing special happened today.,neutral
I am proud of what I accomplished today.,positive
Today feels overwhelmingly negative.,negative
Just getting through the day as always.,neutral
I'm enthusiastic about the future.,positive
I feel neither happy nor sad.,neutral
I'm frustrated with my situation.,negative
Nothing seems to be going my way.,negative
"Today, I feel truly happy and content.",positive
Nothing brings me joy right now.,negative
This day brings me so much joy.,positive
I am proud of the progress I've made.,positive
"Today, I feel truly happy and content.",positive
I can't see the light at the end of the tunnel.,negative
I am in a good place mentally and emotionally.,positive
The people around me bring me happiness.,positive
My motivation has completely disappeared.,negative
Just getting through the day as always.,neutral
There wasn't anything significant today.,neutral
It’s just a typical day for me.,neutral
Today went by without much thought.,neutral
Today is one of those tough days.,negative
Every task feels like a burden today.,negative
It's difficult to focus on anything.,negative
Today feels like a constant battle.,negative
Life seems full of exciting possibilities.,positive
I’m feeling mentally drained.,negative
My day was neither good nor bad.,neutral
The future looks bright and full of potential.,positive
I don't feel strongly one way or the other.,neutral
Today feels like a constant battle.,negative
The people around me bring me happiness.,positive
I'm finding it hard to stay positive.,negative
I feel emotionally exhausted and drained.,negative
"My energy levels are high, and I feel motivated.",positive
I am proud of the progress I've made.,positive
My day was neither good nor bad.,neutral
I can't see the light at the end of the tunnel.,negative
I feel overwhelmed and anxious about everything.,negative
Just getting through the day as always.,neutral
Life seems full of exciting possibilities.,positive
Today feels overwhelmingly negative.,negative
I appreciate the little things in life.,positive
The day has been plain and simple.,neutral
There’s a cloud of sadness over me.,negative
"Today, I feel truly happy and content.",positive
I am proud of the progress I've made.,positive
Today is one of those tough days.,negative
I'm grateful for the positive changes in my life.,positive
I’m feeling mentally drained.,negative
I'm enthusiastic about the future.,positive
I'm feeling neutral about most things right now.,neutral
I don't know how to handle these feelings.,negative
I am proud of what I accomplished today.,positive
I've been productive and feel satisfied.,positive
"My energy levels are high, and I feel motivated.",positive
Nothing brings me joy right now.,negative
The day went by as usual.,neutral
Nothing special happened today.,neutral
Every task feels like a burden today.,negative
Everything seems to be falling into place.,positive
Today feels like a constant battle.,negative
I feel overwhelmed and anxious about everything.,negative
I am in a good place mentally and emotionally.,positive
"It was an average day, nothing more.",neutral
I appreciate the little things in life.,positive
I'm feeling isolated and lonely.,negative
The future seems bleak and uncertain.,negative
Today went by without much thought.,neutral
It was just another regular day.,neutral
"Today, I feel calm and at peace.",positive
I can't see the light at the end of the tunnel.,negative
I'm not particularly focused on anything.,neutral
Just getting through the day as always.,neutral
Today was quite ordinary and uneventful.,neutral
I'm filled with positive thoughts.,positive
"My energy levels are high, and I feel motivated.",positive
I'm filled with positive thoughts.,positive
I don't know how to handle these feelings.,negative
I’m feeling mentally drained.,negative
The day has been plain and simple.,neutral
The people around me bring me happiness.,positive
"My energy levels are high, and I feel motivated.",positive
I don't feel strongly one way or the other.,neutral
I am proud of what I accomplished today.,positive
I appreciate the little things in life.,positive
I am proud of what I accomplished today.,positive
The future looks bright and full of potential.,positive
I'm not particularly focused on anything.,neutral
Everything seems as it usually is.,neutral
I'm feeling very optimistic today.,positive
Today feels like a constant battle.,negative
I don't feel strongly one way or the other.,neutral
The future seems bleak and uncertain.,negative
My day was neither good nor bad.,neutral
"It's a beautiful day, and I'm enjoying every moment.",positive
It’s just a typical day for me.,neutral
It was just another regular day.,neutral
There’s nothing noteworthy about today.,neutral
I'm frustrated with my situation.,negative
My day was neither good nor bad.,neutral
There’s nothing noteworthy about today.,neutral
I'm feeling very optimistic today.,positive
The people around me bring me happiness.,positive
I'm feeling neutral about most things right now.,neutral
I don't feel strongly one way or the other.,neutral
I feel emotionally exhausted and drained.,negative
"My energy levels are high, and I feel motivated.",positive
The day went by as usual.,neutral
I'm struggling with my mental health.,negative
"Today, I feel truly happy and content.",positive
I'm grateful for the positive changes in my life.,positive
This day brings me so much joy.,positive
Every task feels like a burden today.,negative
I've been productive and feel satisfied.,positive
My motivation has completely disappeared.,negative
There’s a cloud of sadness over me.,negative
It’s just a typical day for me.,neutral
Today is one of those tough days.,negative
I'm feeling down and unmotivated today.,negative
I am proud of what I accomplished today.,positive
Nothing special happened today.,neutral
My motivation has completely disappeared.,negative
There wasn't anything significant today.,neutral
I'm feeling very optimistic today.,positive
There wasn't anything significant today.,neutral
There wasn't anything significant today.,neutral
My day was neither good nor bad.,neutral
There’s nothing noteworthy about today.,neutral
I feel a strong sense of purpose today.,positive
Nothing special happened today.,neutral
Life seems full of exciting possibilities.,positive
I am surrounded by supportive people.,positive
Today feels like a constant battle.,negative
I'm feeling neutral about most things right now.,neutral
There’s nothing noteworthy about today.,neutral
I'm filled with positive thoughts.,positive
My motivation has completely disappeared.,negative
This day brings me so much joy.,positive
I appreciate the little things in life.,positive
"Today, I feel calm and at peace.",positive
Today was quite ordinary and uneventful.,neutral
Nothing out of the ordinary occurred.,neutral
It’s just a typical day for me.,neutral
I'm feeling isolated and lonely.,negative
It was just another regular day.,neutral
There wasn't anything significant today.,neutral
I’m feeling mentally drained.,negative
I'm not particularly focused on anything.,neutral
My motivation has completely disappeared.,negative
Life seems full of exciting possibilities.,positive
My day was neither good nor bad.,neutral
I'm frustrated with my situation.,negative
I'm finding it hard to stay positive.,negative
I'm finding it hard to stay positive.,negative
I'm feeling down and unmotivated today.,negative
I've been productive and feel satisfied.,positive
I'm finding it hard to stay positive.,negative
There wasn't anything significant today.,neutral
It’s just a typical day for me.,neutral
I'm feeling down and unmotivated today.,negative
The future looks bright and full of potential.,positive
I feel neither happy nor sad.,neutral
I'm feeling neutral about most things right now.,neutral
I don't know how to handle these feelings.,negative
I feel neither happy nor sad.,neutral
The future looks bright and full of potential.,positive
"Today, I feel truly happy and content.",positive
"Today, I feel calm and at peace.",positive
I am surrounded by supportive people.,positive
The day went by as usual.,neutral
I am surrounded by supportive people.,positive
Today feels like a constant battle.,negative
I don't feel strongly one way or the other.,neutral
This day brings me so much joy.,positive
I'm feeling very optimistic today.,positive
I'm filled with positive thoughts.,positive
I can't see the light at the end of the tunnel.,negative
Today was quite ordinary and uneventful.,neutral
I am in a good place mentally and emotionally.,positive
I'm finding it hard to stay positive.,negative
I don't know how to handle these feelings.,negative
I can't see the light at the end of the tunnel.,negative
Things are simply okay right now.,neutral
Every task feels like a burden today.,negative
I'm feeling very optimistic today.,positive
I’m not feeling much of anything today.,neutral
Today feels overwhelmingly negative.,negative
I’m not feeling much of anything today.,neutral
I'm finding it hard to stay positive.,negative
I'm frustrated with my situation.,negative
Everything seems as it usually is.,neutral
The future seems bleak and uncertain.,negative
I feel a strong sense of purpose today.,positive
There wasn't anything significant today.,neutral
I'm struggling with my mental health.,negative
I am proud of the progress I've made.,positive
It’s just a typical day for me.,neutral
I feel emotionally exhausted and drained.,negative
Nothing seems to be going my way.,negative
Nothing seems to be going my way.,negative
Nothing special happened today.,neutral
The day went by as usual.,neutral
Today feels overwhelmingly negative.,negative
Nothing special happened today.,neutral
I'm enthusiastic about the future.,positive
Everything seems to be falling into place.,positive
I am in a good place mentally and emotionally.,positive
It was just another regular day.,neutral
The day has been plain and simple.,neutral
I feel emotionally exhausted and drained.,negative
Life seems full of exciting possibilities.,positive
"It's a beautiful day, and I'm enjoying every moment.",positive
Just getting through the day as always.,neutral
Things are simply okay right now.,neutral
Just getting through the day as always.,neutral
I'm feeling down and unmotivated today.,negative
I'm struggling with my mental health.,negative
Nothing brings me joy right now.,negative
I'm enthusiastic about the future.,positive
I feel overwhelmed and anxious about everything.,negative
"It's a beautiful day, and I'm enjoying every moment.",positive
Nothing brings me joy right now.,negative
I feel overwhelmed and anxious about everything.,negative
I'm grateful for the positive changes in my life.,positive
I don't know how to handle these feelings.,negative
Every task feels like a burden today.,negative
Today was quite ordinary and uneventful.,neutral
I'm not particularly focused on anything.,neutral
It was just another regular day.,neutral
The future seems bleak and uncertain.,negative
Life seems full of exciting possibilities.,positive
The people around me bring me happiness.,positive
"Today, I feel calm and at peace.",positive
There’s a cloud of sadness over me.,negative
I'm finding it hard to stay positive.,negative
I'm feeling isolated and lonely.,negative
Nothing out of the ordinary occurred.,neutral
There’s a cloud of sadness over me.,negative
Today went by without much thought.,neutral
I'm filled with positive thoughts.,positive
I'm grateful for the positive changes in my life.,positive
This day brings me so much joy.,positive
It was just another regular day.,neutral
I am in a good place mentally and emotionally.,positive
I am proud of the progress I've made.,positive
Today went by without much thought.,neutral
I am proud of the progress I've made.,positive
